{"type":"footer","name":"Footer group","sections":{"text-with-icons":{"type":"text-with-icons","blocks":{"icon-1":{"type":"item","settings":{"icon":"picto-delivery-truck","icon_width":24,"mobile_icon_width":24,"title":"Free Shipping","content":"<p>Get your order delivered for free, no extra cost<\/p>"}},"icon-2":{"type":"item","settings":{"icon":"picto-love","icon_width":24,"mobile_icon_width":24,"title":"Satisfied or refunded","content":"<p>Enjoy hassle-free returns within 30 days<\/p>"}},"icon-3":{"type":"item","settings":{"icon":"picto-chat","icon_width":24,"mobile_icon_width":24,"title":"Top-notch support","content":"<p>Our team is here to help you, just reach out<\/p>"}},"icon-4":{"type":"item","settings":{"icon":"picto-credit-card","icon_width":24,"mobile_icon_width":24,"title":"Secure payments","content":"<p>Protected checkout with SSL encryption<\/p>"}}},"block_order":["icon-1","icon-2","icon-3","icon-4"],"settings":{"separate_section_with_border":true,"stack_on_mobile":false,"icon_color":"","text_color":"","text_alignment":"center"}},"footer":{"type":"footer","blocks":{"text":{"type":"text","settings":{"title":"Contact Information","content":"<p><strong>Business Name:<\/strong> Zero Wave<\/p><p><strong>Support:<\/strong> 24\/7<\/p><p><strong>Business Hours:<\/strong> Mon-Fri: 9 am - 5 pm | Sat-Sun: Closed<\/p><p><strong>Business Phone: <\/strong>+1 (321) 467-1615<\/p><p><strong>Business Email:<\/strong> <a href=\"mailto:support@zerowave.shop\">support@zerowave.shop<\/a><\/p><p><strong>Business Address:<\/strong> <a href=\"https:\/\/maps.app.goo.gl\/fg3QX53AT2Q44JN3A\" title=\"https:\/\/maps.app.goo.gl\/fg3QX53AT2Q44JN3A\">720 N Killingsworth St, Portland, OR 97217, United States<\/a><\/p>","enable_follow_on_shop":false}},"links":{"type":"links","settings":{"menu":"quick-links","show_menu_title":true}},"links_4y38GK":{"type":"links","settings":{"menu":"policies","show_menu_title":true}}},"block_order":["text","links","links_4y38GK"],"settings":{"separate_section_with_border":false,"show_social_media":true,"show_payment_icons":true,"show_country_selector":true,"show_country_name":true,"show_country_flag":true,"show_locale_selector":true}}},"order":["text-with-icons","footer"]}