{"type":"header","name":"Header group","sections":{"announcement-bar":{"type":"announcement-bar","blocks":{"message-1":{"type":"message","settings":{"text":"<a href=\"mailto:support@zerowave.shop\" title=\"mailto:support@zerowave.shop\">support@zerowave.shop<\/a>"}}},"block_order":["message-1"],"settings":{"enable_sticky":false,"autoplay":true,"cycle_speed":5,"desktop_font_size":11,"mobile_font_size":10,"background":"#1c1c1c","text_color":"#ffffff"}},"header":{"type":"header","settings":{"enable_sticky":true,"show_separation_border":true,"reduce_padding":false,"logo":"shopify:\/\/shop_images\/zerowave_logo_01.png","logo_max_width":190,"logo_mobile_max_width":130,"menu":"main-menu","sidebar_menu":"","menu_open_trigger":"hover","enable_search":true,"sidebar_text_font":"heading","sidebar_show_dividers":true,"layout":"logo_center_navigation_below","show_icons":true,"show_country_selector":true,"show_country_name":false,"show_country_flag":true,"show_locale_selector":false,"transparent_header_text_color":"#ffffff"}}},"order":["announcement-bar","header"]}