{"current":{"section_vertical_spacing":"md","text_color":"#1c1c1c","background":"#efefef","secondary_background":"#ffffff","success_color":"#307a07","error_color":"#cb2b2b","header_background":"#ffffff","header_text_color":"#1c1c1c","footer_background":"#ffffff","footer_text_color":"#1c1c1c","primary_button_background":"#1c1c1c","primary_button_text_color":"#ffffff","modal_background":"#ffffff","modal_text_color":"#1c1c1c","product_rating_color":"#1c1c1c","heading_font":"futura_n6","heading_letter_spacing":18,"text_font":"futura_n5","text_font_size_mobile":15,"text_font_size_desktop":16,"button_letter_spacing":18,"currency_code_enabled":true,"show_page_transition":true,"stagger_blog_posts_apparition":false,"show_quick_buy":false,"show_discount":false,"social_facebook":"https:\/\/facebook.com\/shopzerowave","social_instagram":"https:\/\/www.instagram.com\/zer0wave\/","favicon":"shopify:\/\/shop_images\/android-chrome-192x192_b70aca94-e60c-42c4-9dcb-aa3510b5c99a.png","checkout_logo_image":"shopify:\/\/shop_images\/zerowave_logo_01.png","checkout_logo_position":"center","checkout_logo_size":"small","heading_color":"#1c1c1c","content_for_index":[],"blocks":{"15683396631634586217":{"type":"shopify:\/\/apps\/inbox\/blocks\/chat\/841fc607-4181-4ad1-842d-e24d7f8bad6b","disabled":false,"settings":{"button_color":"#000000","secondary_color":"#FFFFFF","ternary_color":"#6A6A6A","button_icon":"chat_bubble","button_text":"chat_with_us","button_horizontal_position":"bottom_right","button_vertical_position":"lowest","greeting_message":""}},"14060646107696862457":{"type":"shopify:\/\/apps\/judge-me-reviews\/blocks\/judgeme_core\/61ccd3b1-a9f2-4160-9fe9-4fec8413e5d8","disabled":false,"settings":{}}}},"presets":{"Allure":{"section_vertical_spacing":"md","heading_color":"#1c1c1c","text_color":"#1c1c1c","background":"#efefef","secondary_background":"#ffffff","success_color":"#307a07","error_color":"#cb2b2b","header_background":"#ffffff","header_text_color":"#1c1c1c","footer_background":"#ffffff","footer_text_color":"#1c1c1c","modal_background":"#ffffff","modal_text_color":"#1c1c1c","primary_button_background":"#1c1c1c","primary_button_text_color":"#ffffff","product_rating_color":"#1c1c1c","heading_font":"univers_next_n4","heading_letter_spacing":18,"text_font":"univers_next_n4","text_font_size_desktop":14,"button_letter_spacing":18},"Couture":{"section_vertical_spacing":"md","heading_color":"#5c5c5c","text_color":"#5c5c5c","background":"#ffffff","secondary_background":"#ffffff","success_color":"#307a07","error_color":"#cb2b2b","header_background":"#ffffff","header_text_color":"#303030","footer_background":"#ffffff","footer_text_color":"#303030","modal_background":"#ffffff","modal_text_color":"#303030","primary_button_background":"#5c5c5c","primary_button_text_color":"#ffffff","product_rating_color":"#1c1c1c","heading_font":"futura_n4","heading_letter_spacing":18,"text_font":"century_gothic_n4","text_font_size_desktop":14,"button_letter_spacing":18},"Vogue":{"section_vertical_spacing":"xs","heading_color":"#303030","text_color":"#303030","background":"#ffffff","secondary_background":"#ffffff","success_color":"#307a07","error_color":"#cb2b2b","header_background":"#ffffff","header_text_color":"#303030","footer_background":"#ffffff","footer_text_color":"#303030","modal_background":"#ffffff","modal_text_color":"#303030","primary_button_background":"#f5db8b","primary_button_text_color":"#303030","product_rating_color":"#1c1c1c","heading_font":"din_neuzeit_grotesk_n3","heading_letter_spacing":18,"text_font":"futura_n4","text_font_size_desktop":14,"button_letter_spacing":18}}}