{"sections":{"slideshow":{"type":"slideshow","blocks":{"slide-2":{"type":"image","settings":{"image":"shopify:\/\/shop_images\/zero-wave-banner.jpg","subheading":"","title":"","mobile_text_position":"place-self-center text-center","desktop_text_position":"sm:place-self-center sm:text-center","content_max_width":780,"button_1_text":"","button_1_link":"","button_1_style":"solid","button_1_background":"#ffffff","button_1_text_color":"#000000","button_2_text":"","button_2_link":"","button_2_style":"outline","button_2_background":"#ffffff","button_2_text_color":"#000000","background":"","background_opacity":0,"text_color":"#ffffff","border_color":"","gradient_overlay":"linear-gradient(180deg, rgba(245, 245, 245, 0), rgba(4, 4, 4, 0.13) 100%)"}}},"block_order":["slide-2"],"settings":{"allow_transparent_header":false,"show_next_section_button":true,"media_size":"auto","autoplay":false,"autoplay_pause_on_video":true,"cycle_speed":5,"background":"#000000","controls_color":"#ffffff"}},"collection-list":{"type":"collection-list","blocks":{"collection-1":{"type":"collection","settings":{"collection":"handbags","image":"shopify:\/\/shop_images\/Handbags_2.jpg","expand_collection":true,"content_position":"place-self-end-center text-center","subheading":"","title":"","button_text":"View products","button_link":"","text_color":"#000000","overlay_color":"#000000","overlay_opacity":0,"button_background":"","button_text_color":""}},"collection-2":{"type":"collection","settings":{"collection":"shoulder-bags","image":"shopify:\/\/shop_images\/Shoulder_Bags_4.jpg","expand_collection":true,"content_position":"place-self-end-center text-center","subheading":"","title":"","button_text":"View products","button_link":"","text_color":"#ffffff","overlay_color":"#000000","overlay_opacity":0,"button_background":"","button_text_color":""}},"collection_6AaCac":{"type":"collection","settings":{"collection":"clutches","image":"shopify:\/\/shop_images\/Clutches_4.jpg","expand_collection":false,"content_position":"place-self-end-center text-center","subheading":"","title":"","button_text":"View products","button_link":"","text_color":"#ffffff","overlay_color":"#000000","overlay_opacity":0,"button_background":"","button_text_color":""}}},"block_order":["collection-1","collection-2","collection_6AaCac"],"settings":{"separate_section_with_border":true,"image_size":"auto","show_text_outside":false,"space_items":true,"stack_collections":false,"collections_per_row_desktop":3,"subheading":"","title":"","content":"","circle_button_background":"#ffffff","circle_button_text_color":"#1c1c1c"}},"featured-collections":{"type":"featured-collections","blocks":{"collection_8peXwi":{"type":"collection","settings":{"collection":"featured","products_count":8,"title":"","link_url":"","link_text":"View all"}},"collection-1":{"type":"collection","settings":{"collection":"handbags","products_count":8,"title":"","link_url":"","link_text":"View all"}},"collection_NB6W8D":{"type":"collection","settings":{"collection":"shoulder-bags","products_count":8,"title":"","link_url":"","link_text":"View all"}},"collection_7yJtyJ":{"type":"collection","settings":{"collection":"clutches","products_count":8,"title":"","link_url":"","link_text":"View all"}}},"block_order":["collection_8peXwi","collection-1","collection_NB6W8D","collection_7yJtyJ"],"settings":{"separate_section_with_border":true,"hide_product_information":false,"stack_products":false,"products_per_row_mobile":"2","products_per_row_desktop":4,"horizontal_spacing_factor":1,"vertical_spacing_factor":1,"subheading":"Featured collection"}},"image_with_text_yGzRJC":{"type":"image-with-text","blocks":{"subheading_zbX3ta":{"type":"subheading","settings":{"text":"Timeless Luxury"}},"heading_MH44E6":{"type":"heading","settings":{"text":"Elegance Defined","heading_tag":"h1"}},"richtext_gzinVr":{"type":"richtext","settings":{"content":"<p>Choose Zero Wave for exceptional style and quality in women's fashion. Our carefully curated collection blends contemporary trends with lasting craftsmanship, empowering you to make a bold statement with every accessory. Elevate your fashion journey with Zero Wave - where modern flair meets timeless elegance, offering the perfect fusion of confidence and sophistication in every piece.<\/p>"}}},"block_order":["subheading_zbX3ta","heading_MH44E6","richtext_gzinVr"],"settings":{"separate_section_with_border":true,"image":"shopify:\/\/shop_images\/4_1467b767-b185-420e-9b7d-f4d54f1c96f0.jpg","reveal_on_scroll":true,"image_position":"start","content_width":"sm","remove_vertical_spacing":true}},"featured_product_7yiC4L":{"type":"featured-product","blocks":{"vendor_prtwqM":{"type":"vendor","settings":{}},"title_BWpDLA":{"type":"title","settings":{"heading_tag":"h3"}},"badges_8e7R8P":{"type":"badges","settings":{}},"price_7mqiKJ":{"type":"price","settings":{"show_taxes_notice":false}},"rating_P7crRh":{"type":"rating","settings":{"show_empty":true,"rating_mode":"rating"}},"separator_FPe3jV":{"type":"separator","settings":{}},"description_LYnAnh":{"type":"description","settings":{"collapse_content":false}},"variant_picker_qFPUDk":{"type":"variant_picker","settings":{"hide_sold_out_variants":false,"selector_type":"block","color_selector_type":"color","size_chart_page":""}},"quantity_selector_zc6K4G":{"type":"quantity_selector","settings":{}},"buy_buttons_CEx3m4":{"type":"buy_buttons","settings":{"show_payment_button":true,"show_gift_card_recipient":true,"atc_button_background":"","atc_button_text_color":"","payment_button_background":"","payment_button_text_color":""}},"pickup_availability_qLpMLG":{"type":"pickup_availability","settings":{}}},"block_order":["vendor_prtwqM","title_BWpDLA","badges_8e7R8P","price_7mqiKJ","rating_P7crRh","separator_FPe3jV","description_LYnAnh","variant_picker_qFPUDk","quantity_selector_zc6K4G","buy_buttons_CEx3m4","pickup_availability_qLpMLG"],"settings":{"product":"mustard-tote-bag","separate_section_with_border":true,"container_size":"lg","product_info_size":45,"center_basic_info":false,"desktop_media_layout":"carousel_thumbnails_bottom","desktop_media_grid_gap":30,"mobile_controls":"dots","enable_media_autoplay":false,"enable_video_looping":true,"enable_image_zoom":false,"max_image_zoom_level":3,"subheading":"","title":"Featured product","content":""}}},"order":["slideshow","collection-list","featured-collections","image_with_text_yGzRJC","featured_product_7yiC4L"]}