{"sections":{"faq":{"type":"faq","blocks":{"category":{"type":"category","settings":{"title":"Order","icon":"none","icon_width":16}},"question-1":{"type":"question","settings":{"question":"Do you ship overseas?","answer":"<p>No, currently we only ship within the United States. <\/p>"}},"question-2":{"type":"question","settings":{"question":"What should I do if I haven't received my order?","answer":"<p>If you haven't received your order within the estimated delivery timeframe, please contact our customer support team for assistance. We will investigate the issue and provide you with updates on the status of your delivery.<\/p>"}},"question-3":{"type":"question","settings":{"question":"Any question?","answer":"<p>You can contact us through our contact page! We will be happy to assist you.<\/p>"}},"category_y4D4MB":{"type":"category","settings":{"title":"Shipping","icon":"none","icon_width":16}},"question_GLyYVz":{"type":"question","settings":{"question":"What is the estimated delivery time for orders placed on your website?","answer":"<p>We strive to process and ship all orders within <strong>1-2 business days<\/strong> (Monday to Friday). For standard delivery, transit time is estimated to be between <strong>1-4 business days<\/strong> (Monday to Friday). Please note that delivery delays may occasionally occur due to unforeseen circumstances or high order volume.<\/p>"}},"question_jTPxGn":{"type":"question","settings":{"question":"What happens if my order is damaged during shipping?","answer":"<p>In the unfortunate event that your order arrives damaged, please contact the shipment carrier to file a claim. Additionally, please save all packaging materials and damaged goods for the claims process. We will do our best to assist you throughout the process.<\/p>"}},"question_XW8pYE":{"type":"question","settings":{"question":"Can I cancel my order after it has been placed?","answer":"<p>If you wish to cancel your order, please contact our customer support team immediately at <a href=\"mailto:support@zerowave.shop\" title=\"mailto:support@zerowave.shop\"><strong>support@zerowave.shop<\/strong><\/a>. If your order has not yet been processed, we will happily cancel it and issue a refund. However, if the order has already been processed, we may not be able to cancel it. In such cases, we will guide you through the return process.<\/p>"}},"question_gnQG9W":{"type":"question","settings":{"question":"What are the shipping rates for orders placed on your website?","answer":"<p>We offer free standard shipping for all orders.<\/p>"}},"question_RC6pEB":{"type":"question","settings":{"question":"How can I track my order once it has been shipped?","answer":"<p>Once your order has been shipped, you will receive a Shipment Confirmation Email containing your tracking number(s). The tracking number(s) will be active within 24 hours, allowing you to track the status of your delivery.<\/p>"}},"question_Kh36Nc":{"type":"question","settings":{"question":"What should I do if I need to make changes to my shipping address after placing an order?","answer":"<p>If changes need to be made to your shipping address after placing an order, please contact our customer support team immediately at <a href=\"mailto:support@zerowave.shop\" title=\"mailto:support@zerowave.shop\"><strong>support@zerowave.shop<\/strong><\/a>. While we will make every effort to accommodate your request, changes cannot be guaranteed once the order has been processed.<\/p>"}},"category_TEW8er":{"type":"category","settings":{"title":"Return & Refund","icon":"none","icon_width":16}},"question_wAaYby":{"type":"question","settings":{"question":"What is your return policy timeframe?","answer":"<p>You have the right to cancel your order within <strong>30 days<\/strong> of receiving the goods.<\/p>"}},"question_zR6EnA":{"type":"question","settings":{"question":"How do I initiate a return?","answer":"<p>To initiate a return, please contact us via email at <a href=\"mailto:support@zerowave.shop\" title=\"mailto:support@zerowave.shop\"><strong>support@zerowave.shop<\/strong><\/a> or visit our Contact Us page on the website.<\/p>"}},"question_ajNnwe":{"type":"question","settings":{"question":"What items are eligible for return?","answer":"<p>We accept returns for all unused and unopened products within <strong>30 days <\/strong>of purchase. Unfortunately, we cannot accept returns for used or slightly used items.<\/p>"}},"question_URqRha":{"type":"question","settings":{"question":"Are there any items that cannot be returned?","answer":"<p>Certain items cannot be returned, including personalized goods, perishable items, and items that are unsuitable for return due to health or hygiene reasons, among others.<\/p>"}},"question_cm8wL9":{"type":"question","settings":{"question":"How long does it take to process a refund?","answer":"<p>Once we receive your returned item and it meets our return criteria, we will process your refund promptly. You can expect to receive a credit to your original method of payment within <strong>2 business days<\/strong>.<\/p>"}},"question_W3Yr6r":{"type":"question","settings":{"question":"Do I need to pay for return shipping?","answer":"<p>Yes, you are responsible for the cost and risk of returning the goods to us. We recommend using an insured and trackable mail service to ensure safe return delivery.<\/p>"}},"question_aUKB4w":{"type":"question","settings":{"question":"What should I do if I receive a damaged or incorrect item?","answer":"<p>If you receive a damaged or incorrect item, please contact us immediately so we can assess the issue and arrange for a replacement or refund.<\/p>"}},"category_LN96KU":{"type":"category","settings":{"title":"Payments","icon":"none","icon_width":16}},"question_VzTH4M":{"type":"question","settings":{"question":"What payment methods do you accept?","answer":"<p>We accept several payment methods, including Apple Pay, Google Pay, MasterCard, PayPal, and Visa. All transactions are processed in United States Dollars (USD).<\/p>"}},"question_wBUkba":{"type":"question","settings":{"question":"When will I receive an invoice for my purchase?","answer":"<p>Upon successful completion of your purchase, you will receive an order confirmation email containing details of your order. Invoices are not generated separately as payment is made at the time of checkout.<\/p>"}},"question_cJ7Lnf":{"type":"question","settings":{"question":"Are there any late payment fees?","answer":"<p>No, late payments do not apply as payment is made in advance at the time of checkout on our online store.<\/p>"}},"question_zLCitx":{"type":"question","settings":{"question":"How do you ensure the security of payments made on your website?","answer":"<p>We prioritize the security of your payments at Zero Wave. Our systems employ industry-standard protocols, SSL encryption technology, and adhere to PCI DSS compliance standards to safeguard your sensitive information and ensure the confidentiality of your transactions.<\/p>"}}},"block_order":["category","question-1","question-2","question-3","category_y4D4MB","question_GLyYVz","question_jTPxGn","question_XW8pYE","question_gnQG9W","question_RC6pEB","question_Kh36Nc","category_TEW8er","question_wAaYby","question_zR6EnA","question_ajNnwe","question_URqRha","question_cm8wL9","question_W3Yr6r","question_aUKB4w","category_LN96KU","question_VzTH4M","question_wBUkba","question_cJ7Lnf","question_zLCitx"],"settings":{"separate_section_with_border":true,"show_categories":false,"subheading":"Need help?","title":"Frequently Asked Questions","content":""}}},"order":["faq"]}