{"sections":{"main":{"type":"main-product","blocks":{"vendor":{"type":"vendor","settings":{}},"title":{"type":"title","settings":{"heading_tag":"h3"}},"price":{"type":"price","settings":{"show_taxes_notice":true}},"rating_q9nkBw":{"type":"rating","settings":{"show_empty":true,"rating_mode":"rating"}},"separator":{"type":"separator","settings":{}},"description":{"type":"description","settings":{"collapse_content":false,"show_below_gallery":false}},"variant_picker":{"type":"variant_picker","settings":{"hide_sold_out_variants":false,"selector_type":"block","color_selector_type":"color","size_chart_page":""}},"quantity_selector":{"type":"quantity_selector","settings":{}},"buy_buttons":{"type":"buy_buttons","settings":{"show_payment_button":true,"show_gift_card_recipient":true,"atc_button_background":"","atc_button_text_color":"","payment_button_background":"","payment_button_text_color":""}}},"block_order":["vendor","title","price","rating_q9nkBw","separator","description","variant_picker","quantity_selector","buy_buttons"],"settings":{"container_size":"lg","product_info_size":35,"show_sticky_add_to_cart":true,"center_basic_info":false,"desktop_media_layout":"grid","desktop_media_grid_gap":30,"mobile_controls":"dots","enable_media_autoplay":false,"enable_video_looping":true,"enable_image_zoom":true,"max_image_zoom_level":3}}},"order":["main"]}